Date,Last Close
2017-11-24,735.7
2017-11-23,731.8
2017-11-22,738.8
2017-11-21,729.6
2017-11-20,729.5
2017-11-17,731.6
2017-11-16,732.4
2017-11-15,735.5
2017-11-14,736
2017-11-13,734.1
2017-11-10,741.3
2017-11-09,742.3
2017-11-08,738.1
2017-11-07,732.9
2017-11-06,732.9
2017-11-03,738.1
2017-11-02,737.2
2017-11-01,732.7
2017-10-31,734.3
2017-10-30,737
2017-10-27,748.3
2017-10-26,746.9
2017-10-25,741.9
2017-10-24,746.8
2017-10-23,743.5
2017-10-20,748.6
2017-10-19,742.9
2017-10-18,748.3
2017-10-17,743.5
2017-10-16,743.9
2017-10-13,739
2017-10-12,747
2017-10-11,758.4
2017-10-10,763.4
2017-10-09,755.6
2017-10-06,756.9
2017-10-05,755.3
2017-10-04,749
2017-10-03,747.4
2017-10-02,739.7
2017-09-29,737.1
2017-09-28,731.8
2017-09-27,730
2017-09-26,719.3
2017-09-25,721.2
2017-09-22,727.1
2017-09-15,708
2017-09-14,720.8
2017-09-13,732.1
2017-09-12,736.2
2017-09-11,735.6
2017-09-08,729.4
2017-09-07,723.8
2017-09-06,728.9
2017-09-05,734.1
2017-09-04,745
2017-09-01,749.7
2017-08-31,750.5
2017-08-30,749.1
2017-08-29,742.6
2017-08-25,742.8
2017-08-24,742.5
2017-08-23,740.9
2017-08-22,741.6
2017-08-21,733.9
2017-08-18,736.2
2017-08-17,738
2017-08-16,748
2017-08-15,744.5
2017-08-14,743.1
2017-08-11,736.8
2017-08-10,749.4
2017-08-09,764.2
2017-08-08,769.5
2017-08-07,766.4
2017-08-04,769
2017-08-03,761.2
2017-08-02,764.6
2017-08-01,764.8
2017-07-31,757
2017-07-28,743.6
2017-07-27,754
2017-07-26,753.7
2017-07-25,756.3
2017-07-24,737.2
2017-07-21,735.1
2017-07-20,740.5
2017-07-19,738.8
2017-07-18,733.9
2017-07-17,737
2017-07-14,733.9
2017-07-13,744
2017-07-12,745.4
2017-07-11,742.6
2017-07-10,738.3
2017-07-07,728.2
2017-07-06,728.2
2017-07-05,727
2017-07-04,721.7
2017-06-29,715.5
2017-06-28,686.4
2017-06-27,689.9
2017-06-26,688.9
2017-06-23,680.7
2017-06-22,683.8
2017-06-21,687.4
2017-06-20,688.3
2017-06-19,691.6
2017-06-16,687.2
2017-06-15,686.7
2017-06-14,680.7
2017-06-13,688.2
2017-06-12,691.6
2017-06-09,695.7
2017-06-08,684.9
2017-06-07,681.9
2017-06-06,686.6
2017-06-05,681.4
2017-06-02,678.4
2017-06-01,676.9
2017-05-31,675.6
2017-05-30,675.2
2017-05-26,675
2017-05-25,669
2017-05-24,667.3
2017-05-23,666.9
2017-05-22,666.6
2017-05-19,665.5
2017-05-18,664.2
2017-05-17,678.3
2017-05-16,687.3
2017-05-15,685.2
2017-05-12,678.1
2017-05-11,678
2017-05-10,670.9
2017-05-09,664.9
2017-05-08,660.6
2017-05-05,658.6
2017-05-04,663.8
2017-05-03,645.2
2017-05-02,639.9
2017-04-28,636.5
2017-04-27,640.7
2017-04-26,642.1
2017-04-25,642.5
2017-04-24,638.3
2017-04-21,624
2017-04-20,622.4
2017-04-19,620.8
2017-04-18,626.2
2017-04-13,643.9
2017-04-12,655.3
2017-04-11,657.7
2017-04-10,656.8
2017-04-07,654.4
2017-04-06,651.8
2017-04-05,654.6
2017-04-04,649.4
2017-04-03,646.6
2017-03-31,650.9
2017-03-30,656
2017-03-29,656.4
2017-03-28,655.3
2017-03-27,646.4
2017-03-24,648.3
2017-03-23,647.2
2017-03-22,647.5
2017-03-21,655
2017-03-20,659.1
2017-03-17,659.1
2017-03-16,668.6
2017-03-15,670.8
2017-03-14,670
2017-03-13,672.1
2017-03-10,666.7
2017-03-09,667.6
2017-03-08,667.7
2017-03-07,665.2
2017-03-06,665.2
2017-03-03,667.8
2017-03-02,664
2017-03-01,662.4
2017-02-28,646.5
2017-02-27,646
2017-02-24,650.3
2017-02-23,652.8
2017-02-22,679.7
2017-02-21,665.7
2017-02-20,712.3
2017-02-17,707.5
2017-02-16,704.8
2017-02-15,705.8
2017-02-14,697.2
2017-02-13,688.1
2017-02-10,686.9
2017-02-09,689.3
2017-02-08,679.9
2017-02-07,686.2
2017-02-06,686.5
2017-02-03,685.2
2017-02-02,676.9
2017-02-01,676.8
2017-01-31,676.4
2017-01-30,680
2017-01-27,687.6
2017-01-26,683.9
2017-01-25,677.8
2017-01-24,672.8
2017-01-23,670.1
2017-01-20,678.4
2017-01-19,679.3
2017-01-18,678.8
2017-01-17,666.9
2017-01-16,680.3
2017-01-13,678
2017-01-12,673.2
2017-01-11,675.4
2017-01-10,671.4
2017-01-09,668.9
2017-01-06,669
2017-01-05,661.5
2017-01-04,670.1
2017-01-03,665.8
2016-12-30,656.9
2016-12-29,650.2
2016-12-28,652.9
2016-12-23,646.5
2016-12-22,655.2
2016-12-21,655.5
2016-12-20,655
2016-12-19,658
2016-12-16,666.9
2016-12-15,669.3
2016-12-14,659.3
2016-12-13,660.1
2016-12-12,651.8
2016-12-09,673.8
2016-12-08,675.7
2016-12-07,679.6
2016-12-06,654
2016-12-05,626.7
2016-12-02,627.1
2016-12-01,630.3
2016-11-30,635.2
2016-11-29,631.8
2016-11-28,632.8
2016-11-25,641
2016-11-24,640.2
2016-11-22,638.6
2016-11-21,631.9
2016-11-18,633.8
2016-11-17,632
2016-11-16,628.6
2016-11-15,638.3
2016-11-14,634.8
2016-11-11,619.9
2016-11-10,625.3
2016-11-09,622.3
2016-11-08,620
2016-11-07,622.3
2016-11-04,594.8
2016-11-03,597.4
2016-11-02,604.2
2016-11-01,612.5
2016-10-31,616.2
2016-10-28,624.5
2016-10-27,627.5
2016-10-26,622.5
2016-10-25,626.3
2016-10-24,624.3
2016-10-21,626.4
2016-10-20,621.5
2016-10-19,624.7
2016-10-18,622.9
2016-10-17,613.6
2016-10-14,619.6
2016-10-13,608.9
2016-10-12,616.5
2016-10-11,618.5
2016-10-10,624.8
2016-10-07,619.5
2016-10-06,602.6
2016-10-05,601
2016-10-04,596.2
2016-10-03,587.6
2016-09-30,578.7
2016-09-29,578.3
2016-09-28,571.6
2016-09-27,577.1
2016-09-26,569.2
2016-09-23,574.3
2016-09-22,577.3
2016-09-21,588.7
2016-09-20,583.4
2016-09-19,581.1
2016-09-16,566.7
2016-09-15,572
2016-09-14,561.1
2016-09-13,559.3
2016-09-12,565.6
2016-09-09,578
2016-09-08,573.3
2016-09-07,567.3
2016-09-06,568.5
2016-09-05,581.6
2016-09-02,580.9
2016-09-01,568.1
2016-08-31,564.3
2016-08-30,557.5
2016-08-26,546.9
2016-08-25,542.5
2016-08-24,541.1
2016-08-23,542.2
2016-08-22,539.5
2016-08-19,543.2
2016-08-18,543.8
2016-08-17,542.9
2016-08-16,542.5
2016-08-15,547.5
2016-08-12,545
2016-08-11,545.5
2016-08-10,544.3
2016-08-09,540.8
2016-08-08,537
2016-08-05,530.4
2016-08-04,517.3
2016-08-03,504.4
2016-08-02,482.8
2016-08-01,489.05
2016-07-29,495.1
2016-07-27,497.7
2016-07-26,494
2016-07-25,489.8
2016-07-22,493.6
2016-07-21,492.5
2016-07-20,495.15
2016-07-19,487.1
2016-07-18,484.8
2016-07-15,479.3
2016-07-14,476.7
2016-07-13,475
2016-07-12,476.7
2016-07-11,478.85
2016-07-08,470.8
2016-07-07,464.45
2016-07-06,461.8
2016-07-05,464.75
2016-07-04,463.75
2016-07-01,469.85
2016-06-30,465.9
2016-06-29,452.75
2016-06-28,443.6
2016-06-27,438
2016-06-24,447.95
2016-06-23,454.45
2016-06-22,444
2016-06-21,439.8
2016-06-20,437.35
2016-06-17,431.2
2016-06-16,426.5
2016-06-15,425.75
2016-06-14,425.4
2016-06-13,430.9
2016-06-10,433.75
2016-06-09,443.55
2016-06-08,446.7
2016-06-07,446.65
2016-06-06,448.35
2016-06-03,444.8
2016-06-02,446.15
2016-06-01,444.85
2016-05-31,445.05
2016-05-27,448.45
2016-05-26,445.95
2016-05-25,446.4
2016-05-24,434.25
2016-05-23,427.25
2016-05-20,429.25
2016-05-19,426.55
2016-05-18,435.5
2016-05-17,434.6
2016-05-16,428.8
2016-05-13,430
2016-05-12,423.55
2016-05-11,431.15
2016-05-10,433
2016-05-09,429.85
2016-05-06,431.75
2016-05-05,436.55
2016-05-04,436.65
2016-05-03,445.05
2016-04-29,452.5
2016-04-28,467.35
2016-04-27,466.6
2016-04-26,469.4
2016-04-25,459.55
2016-04-22,466.5
2016-04-21,471.9
2016-04-20,465.4
2016-04-19,454.05
2016-04-18,448.3
2016-04-15,450.5
2016-04-14,451
2016-04-13,448.1
2016-04-12,420.1
2016-04-11,418.25
2016-04-08,418
2016-04-07,416.15
2016-04-06,419.9
2016-04-05,417.5
2016-04-04,430.7
2016-04-01,432
2016-03-31,433.9
2016-03-30,437.05
2016-03-29,432.5
2016-03-24,438.3
2016-03-23,448.1
2016-03-22,447.9
2016-03-21,449
2016-03-18,448.8
2016-03-17,449.2
2016-03-16,457.2
2016-03-14,452.55
2016-03-11,451.35
2016-03-10,445.5
2016-03-09,450.25
2016-03-08,448.8
2016-03-07,450.35
2016-03-04,453.55
2016-03-03,450.5
2016-03-02,471.6
2016-03-01,460.95
2016-02-29,459.65
2016-02-26,467.35
2016-02-25,448.8
2016-02-24,433.8
2016-02-23,441.3
2016-02-22,445.9
2016-02-19,449.85
2016-02-18,448.85
2016-02-17,456.95
2016-02-16,448.2
2016-02-15,446.4
2016-02-12,440.4
2016-02-11,420.15
2016-02-10,441.4
2016-02-09,432.5
2016-02-08,438.45
2016-02-05,457.85
2016-02-04,459.5
2016-02-03,449.45
2016-02-02,467.6
2016-02-01,484.4
2016-01-29,492.3
2016-01-28,477.65
2016-01-27,480.1
2016-01-26,474.5
2016-01-25,473.45
2016-01-22,479.55
2016-01-21,471.2
2016-01-20,465.8
2016-01-19,488.65
2016-01-18,479.7
2016-01-15,485.7
2016-01-14,502
2016-01-13,504.8
2016-01-12,505.1
2016-01-11,497.8
2016-01-08,499.1
2016-01-07,502
2016-01-06,508.3
2016-01-05,522.6
2016-01-04,520.4
2015-12-31,536.2
2015-12-30,537.8
2015-12-29,544.6
2015-12-24,541.3
2015-12-23,540.9
2015-12-22,529.6
2015-12-21,527.1
2015-12-18,529.2
2015-12-17,531.7
2015-12-16,520.8
2015-12-15,511.6
2015-12-14,494.15
2015-12-11,498
2015-12-10,510.8
2015-12-09,511.6
2015-12-08,511.6
2015-12-07,521.6
2015-12-04,523.3
2015-12-03,527.2
2015-12-02,540.5
2015-12-01,539
2015-11-30,529.5
2015-11-27,534.9
2015-11-26,540
2015-11-25,533.9
2015-11-24,530.1
2015-11-23,534.9
2015-11-20,531.1
2015-11-19,525.1
2015-11-18,520.8
2015-11-17,519.2
2015-11-16,511.3
2015-11-13,513.2
2015-11-12,521
2015-11-11,523.7
2015-11-10,523.4
2015-11-09,527.6
2015-11-06,527.8
2015-11-05,516.9
2015-11-04,519.1
2015-11-03,504.9
2015-11-02,503.5
2015-10-30,507.6
2015-10-29,512.8
2015-10-28,515.3
2015-10-27,511.5
2015-10-26,513.1
2015-10-23,518
2015-10-22,505.6
2015-10-21,512.8
2015-10-20,515.6
2015-10-19,517.3
2015-10-16,521
2015-10-15,519
2015-10-14,515.6
2015-10-13,520.5
2015-10-12,531.6
2015-10-09,532.2
2015-10-08,529.5
2015-10-07,528.7
2015-10-06,521.4
2015-10-05,521.3
2015-10-02,507.7
2015-10-01,503
2015-09-30,498.7
2015-09-29,485.55
2015-09-28,488.95
2015-09-25,503.6
2015-09-24,488.1
2015-09-23,498.75
2015-09-22,487.4
2015-09-21,495.1
2015-09-18,490.65
2015-09-17,502.5
2015-09-16,513.1
2015-09-15,508.8
2015-09-14,500.8
2015-09-11,504.3
2015-09-10,505.2
2015-09-09,518.9
2015-09-08,504.2
2015-09-07,494
2015-09-04,493.5
2015-09-03,506.7
2015-09-02,498.8
2015-09-01,499
2015-08-28,518.7
2015-08-27,519.7
2015-08-26,496.2
2015-08-25,507.1
2015-08-24,487.75
2015-08-21,521.2
2015-08-20,535.2
2015-08-19,540.6
2015-08-18,556
2015-08-17,557.6
2015-08-14,558
2015-08-13,561
2015-08-12,563.6
2015-08-11,577.4
2015-08-10,584.1
2015-08-07,587.7
2015-08-06,590.4
2015-08-05,594.6
2015-08-04,582.2
2015-08-03,581.3
2015-07-31,579.7
2015-07-30,577.1
2015-07-29,576.5
2015-07-28,573.4
2015-07-27,564.1
2015-07-24,569.4
2015-07-23,579.2
2015-07-22,577.4
2015-07-21,586.4
2015-07-20,586.7
2015-07-17,580.2
2015-07-16,
2015-07-15,
2015-07-14,
2015-07-13,
2015-07-10,
2015-07-09,
2015-07-08,
2015-07-07,
2015-07-06,
2015-07-03,
2015-07-02,
2015-07-01,
2015-06-30,
2015-06-29,
2015-06-26,
2015-06-25,594.3
2015-06-24,602.2
2015-06-23,600.9
2015-06-22,602
2015-06-19,590.8
2015-06-18,587.6
2015-06-17,590.8
2015-06-16,594.9
2015-06-15,600
2015-06-12,607.7
2015-06-11,611.3
2015-06-10,613.4
2015-06-09,613.7
2015-06-08,619.5
2015-06-05,618.9
2015-06-04,618.8
2015-06-03,625.3
2015-06-02,624.4
2015-06-01,624.2
2015-05-29,622.7
2015-05-28,623.6
2015-05-27,625.3
2015-05-26,617
2015-05-22,620.6
2015-05-21,614.5
2015-05-20,622.9
2015-05-19,616.7
2015-05-18,618.6
2015-05-15,616.9
2015-05-14,617.6
2015-05-13,614
2015-05-12,620
2015-05-11,632.3
2015-05-08,641.1
2015-05-07,630.9
2015-05-06,632.4
2015-05-05,625.9
2015-05-01,646.3
2015-04-30,648.1
2015-04-29,645.8
2015-04-28,647.4
2015-04-27,649.3
2015-04-24,629.7
2015-04-23,612.2
2015-04-22,607.5
2015-04-21,613.2
2015-04-20,613.3
2015-04-17,600
2015-04-16,606.8
2015-04-15,617.7
2015-04-14,616.3
2015-04-13,618
2015-04-10,612.1
2015-04-09,604
2015-04-08,587
2015-04-07,586.9
2015-04-02,582.3
2015-04-01,578.6
2015-03-31,574
2015-03-30,583.3
2015-03-27,578.5
2015-03-26,581.7
2015-03-25,583.5
2015-03-24,578.3
2015-03-23,578.7
2015-03-20,584.7
2015-03-19,577.1
2015-03-18,579.3
2015-03-17,570.2
2015-03-16,562
2015-03-13,561.3
2015-03-12,560.3
2015-03-11,561.8
2015-03-10,559.9
2015-03-09,566.5
2015-03-06,568
2015-03-05,570.6
2015-03-04,586.1
2015-03-03,580.9
2015-03-02,582.9
2015-02-27,577.3
2015-02-26,581.6
2015-02-25,577.4
2015-02-24,581.6
2015-02-23,577.2
2015-02-20,605.2
2015-02-19,601.9
2015-02-18,605.5
2015-02-17,602.8
2015-02-16,601.1
2015-02-13,598.2
2015-02-12,596.4
2015-02-11,592.1
2015-02-10,597.8
2015-02-09,610.6
2015-02-06,620.8
2015-02-05,613.4
2015-02-04,615.6
2015-02-03,617.5
2015-02-02,612.4
2015-01-30,609.6
2015-01-29,618.1
2015-01-28,618.2
2015-01-27,618
2015-01-26,627.1
2015-01-23,624.8
2015-01-22,620.3
2015-01-21,605.6
2015-01-20,595.7
2015-01-19,596.3
2015-01-16,594
2015-01-15,596.9
2015-01-14,590.1
2015-01-13,604.2
2015-01-12,602.7
2015-01-09,602
2015-01-08,606.2
2015-01-07,601
2015-01-06,593.7
2015-01-05,603.9
2015-01-02,612
2014-12-31,608.6
2014-12-30,609.2
2014-12-29,619.9
2014-12-24,614.2
2014-12-23,612.6
2014-12-22,612
2014-12-19,607.5
2014-12-18,596.8
2014-12-17,592.9
2014-12-16,603.5
2014-12-15,592.2
2014-12-12,603.4
2014-12-11,615.3
2014-12-10,620.9
2014-12-09,622.7
2014-12-08,639.3
2014-12-05,643.1
2014-12-04,628
2014-12-03,633
2014-12-02,635.7
2014-12-01,625
2014-11-28,637
2014-11-27,631.8
2014-11-26,634
2014-11-25,636.5
2014-11-24,628.6
2014-11-21,631.5
2014-11-20,625.3
2014-11-19,633.5
2014-11-18,640
2014-11-17,640
2014-11-14,642.7
2014-11-13,637.9
2014-11-12,635.6
2014-11-11,637.5
2014-11-10,635.7
2014-11-07,630
2014-11-06,635.7
2014-11-05,633.4
2014-11-04,624.3
2014-11-03,627.9
2014-10-31,639.5
2014-10-30,629.1
2014-10-29,628
2014-10-28,625.6
2014-10-27,622
2014-10-24,629.8
2014-10-23,632.1
2014-10-22,631.1
2014-10-21,625.2
2014-10-20,617.3
2014-10-17,623.8
2014-10-16,617.1
2014-10-15,617
2014-10-14,634.6
2014-10-13,632.8
2014-10-10,620.3
2014-10-09,625.8
2014-10-08,634.4
2014-10-07,630.8
2014-10-06,634
2014-10-03,632.2
2014-10-02,613.9
2014-10-01,620.5
2014-09-30,626.1
2014-09-29,635
2014-09-26,650.2
2014-09-25,646.5
2014-09-24,653
2014-09-23,651.7
2014-09-22,657.7
2014-09-19,663.6
2014-09-18,661.9
2014-09-17,656.6
2014-09-16,659.2
2014-09-15,658.2
2014-09-12,657.4
2014-09-11,654.4
2014-09-10,661
2014-09-09,660.5
2014-09-08,662.1
2014-09-05,660.4
2014-09-04,660.2
2014-09-03,657.9
2014-09-02,647.1
2014-09-01,647.5
2014-08-29,652
2014-08-28,647
2014-08-27,649.3
2014-08-26,648.7
2014-08-22,644.2
2014-08-21,640.9
2014-08-20,640.8
2014-08-19,648.4
2014-08-18,646
2014-08-15,643.5
2014-08-14,651.4
2014-08-13,638.3
2014-08-12,630.1
2014-08-11,625.9
2014-08-08,627.5
2014-08-07,628.7
2014-08-06,632.1
2014-08-05,634
2014-08-04,635
2014-08-01,629.3
2014-07-31,636.4
2014-07-30,641.5
2014-07-29,637.5
2014-07-28,630.9
2014-07-25,621.7
2014-07-24,621
2014-07-23,607.3
2014-07-22,604.9
2014-07-21,597.1
2014-07-18,599.2
2014-07-17,599.2
2014-07-16,605.1
2014-07-15,596.6
2014-07-14,599.4
2014-07-11,592.3
2014-07-10,589
2014-07-09,596.5
2014-07-08,594.5
2014-07-07,603.3
2014-07-04,607.3
2014-07-03,607.1
2014-07-02,601.3
2014-07-01,598.2
2014-06-30,592.9
2014-06-27,597
2014-06-26,594.6
2014-06-25,601.6
2014-06-24,605.4
2014-06-23,606.4
2014-06-20,609.4
2014-06-19,610.3
2014-06-18,610.1
2014-06-17,612.1
2014-06-16,612
2014-06-13,616.4
2014-06-12,621
2014-06-11,620.9
2014-06-10,624.9
2014-06-09,628.3
2014-06-06,624
2014-06-05,620.9
2014-06-04,623
2014-06-03,624
2014-06-02,626.8
2014-05-30,629.2
2014-05-29,627.9
2014-05-28,629.2
2014-05-27,621.2
2014-05-23,614.8
2014-05-22,616.1
2014-05-21,618.5
2014-05-20,627.1
2014-05-19,632.9
2014-05-16,632.5
2014-05-15,625
2014-05-14,617.5
2014-05-13,611
2014-05-12,606.3
2014-05-09,596
2014-05-08,593.8
2014-05-07,596.5
2014-05-06,604.1
2014-05-02,605.7
2014-05-01,607.4
2014-04-30,604.1
2014-04-29,611.1
2014-04-28,600.9
2014-04-25,602.5
2014-04-24,613
2014-04-23,612.2
2014-04-22,614.9
2014-04-17,617.4
2014-04-16,616.3
2014-04-15,617.9
2014-04-14,621.4
2014-04-11,617.6
2014-04-10,618.7
2014-04-09,612.7
2014-04-08,605
2014-04-07,606.2
2014-04-04,612.5
2014-04-03,610.5
2014-04-02,611.2
2014-04-01,613
2014-03-31,607.5
2014-03-28,611
2014-03-27,608.3
2014-03-26,611.2
2014-03-25,611.7
2014-03-24,606.2
2014-03-21,605.7
2014-03-20,594.2
2014-03-19,591.8
2014-03-18,597.9
2014-03-17,597
2014-03-14,598.1
2014-03-13,597.2
2014-03-12,599.2
2014-03-11,616.6
2014-03-10,615.7
2014-03-07,619.6
2014-03-06,625.7
2014-03-05,622.6
2014-03-04,631.7
2014-03-03,622.6
2014-02-28,629.7
2014-02-27,635.9
2014-02-26,627.1
2014-02-25,627
2014-02-24,635.7
2014-02-21,654.2
2014-02-20,652.1
2014-02-19,656.6
2014-02-18,656.3
2014-02-17,647.5
2014-02-14,638
2014-02-13,638.2
2014-02-12,636.4
2014-02-11,635.4
2014-02-10,624.1
2014-02-07,627.8
2014-02-06,628.1
2014-02-05,624.1
2014-02-04,624.6
2014-02-03,621.5
2014-01-31,627
2014-01-30,630.2
2014-01-29,626.3
2014-01-28,633.8
2014-01-27,635.1
2014-01-24,645.9
2014-01-23,659
2014-01-22,668.9
2014-01-21,673.9
2014-01-20,673
2014-01-17,677.7
2014-01-16,673.9
2014-01-15,681
2014-01-14,672.9
2014-01-13,677
2014-01-10,675.6
2014-01-09,668.1
2014-01-08,674.5
2014-01-07,675.8
2014-01-06,660
2014-01-03,656.4
2014-01-02,659.7
2013-12-31,662.4
2013-12-30,659.1
2013-12-27,662.4
2013-12-24,661.2
2013-12-23,660.8
2013-12-20,652
2013-12-19,647.7
2013-12-18,648.3
2013-12-17,647
2013-12-16,653.5
2013-12-13,646.5
2013-12-12,647.1
2013-12-11,649.8
2013-12-10,652.1
2013-12-09,657.7
2013-12-06,659.3
2013-12-05,656.4
2013-12-04,659.8
2013-12-03,668.4
2013-12-02,677.3
2013-11-28,682
2013-11-27,684.2
2013-11-26,686.3
2013-11-25,689
2013-11-22,686.3
2013-11-21,693.8
2013-11-20,695.3
2013-11-19,693.2
2013-11-18,695
2013-11-15,687
2013-11-14,682.9
2013-11-13,683.2
2013-11-12,696.2
2013-11-11,697
2013-11-08,695.4
2013-11-07,689.8
2013-11-06,693.5
2013-11-05,698
2013-11-04,703
2013-11-01,687.3
2013-10-31,682.1
2013-10-30,683.5
2013-10-29,686.7
2013-10-28,682.9
2013-10-25,680
2013-10-24,682.2
2013-10-23,678.3
2013-10-22,687.7
2013-10-21,685.7
2013-10-18,679
2013-10-17,678
2013-10-16,685.8
2013-10-15,687.4
2013-10-14,689.8
2013-10-11,689.6
2013-10-10,678.3
2013-10-09,668.8
2013-10-08,664.5
2013-10-07,672.4
2013-10-04,677.3
2013-10-03,669.5
2013-10-02,667.4
2013-10-01,671.1
2013-09-30,669.4
2013-09-26,682.9
2013-09-25,684
2013-09-24,685.7
2013-09-23,686.6
2013-09-20,689.2
2013-09-19,698.9
2013-09-18,695.5
2013-09-17,692.9
2013-09-16,703.2
2013-09-13,702
2013-09-12,701.2
2013-09-11,699
2013-09-10,705.9
2013-09-09,701.1
2013-09-06,708.3
2013-09-05,707.6
2013-09-04,691.5
2013-09-03,687.6
2013-09-02,687.1
2013-08-30,676
2013-08-29,687.3
2013-08-28,678.3
2013-08-27,684.8
2013-08-23,694.7
2013-08-22,692.5
2013-08-21,682
2013-08-20,704.2
2013-08-19,701.5
2013-08-16,709.1
2013-08-15,711
2013-08-14,715.9
2013-08-13,716.9
2013-08-12,712.1
2013-08-09,709.8
2013-08-08,697.6
2013-08-07,700
2013-08-06,716
2013-08-05,721.7
2013-08-02,754.7
2013-08-01,754.2
2013-07-31,747.8
2013-07-30,736.2
2013-07-29,728.4
2013-07-26,731.2
2013-07-25,733.8
2013-07-24,733.1
2013-07-23,731.4
2013-07-22,733.7
2013-07-19,737.5
2013-07-18,741
2013-07-17,731.2
2013-07-16,726.2
2013-07-15,730.6
2013-07-12,723.1
2013-07-11,721.2
2013-07-10,721.5
2013-07-09,725.4
2013-07-08,717.4
2013-07-05,712.5
2013-07-04,711.4
2013-07-03,680.9
2013-07-02,694.8
2013-07-01,694.7
2013-06-28,682.7317
2013-06-27,682.7
2013-06-26,682.1146
2013-06-25,670.6
2013-06-24,663.8765
2013-06-21,661.6
2013-06-20,664.5
2013-06-19,688.7
2013-06-18,696
2013-06-17,681.3624
2013-06-14,680.1
2013-06-13,690.4
2013-06-12,694.4729
2013-06-11,686.2154
2013-06-10,702.2781
2013-06-07,708
2013-06-06,700
2013-06-05,713
2013-06-04,733.2
2013-06-03,718.3
2013-05-31,725.9
2013-05-30,735.9
2013-05-29,735.4301
2013-05-28,741.2714
2013-05-24,734.1
2013-05-23,743.9299
2013-05-22,768.6
2013-05-21,765.3
2013-05-20,769.9
2013-05-17,758.6
2013-05-16,749
2013-05-15,750.7267
2013-05-14,745.0983
2013-05-13,737.6887
2013-05-10,739.4987
2013-05-09,730.5
2013-05-08,734.955
2013-05-07,728.5293
2013-05-03,709.261
2013-05-02,711.1
2013-05-01,707.5
2013-04-30,704.8175
2013-04-29,703.6
2013-04-26,691.409
2013-04-25,697.9118
2013-04-24,694.4351
2013-04-23,679.2108
2013-04-22,679.2
2013-04-19,679.2
2013-04-18,663.3
2013-04-17,671
2013-04-16,677.6735
2013-04-15,681.4
2013-04-12,687.5525
2013-04-11,692
2013-04-10,691
2013-04-09,682.4269
2013-04-08,679.7
2013-04-05,681.5
2013-04-04,694
2013-04-03,701.5
2013-04-02,711.2
2013-03-28,702.5
2013-03-27,697.6
2013-03-26,698.5
2013-03-25,695
2013-03-22,699.8
2013-03-21,703.8
2013-03-20,712
2013-03-19,716.4
2013-03-18,720.2
2013-03-15,720.1
2013-03-14,740
2013-03-13,726.6
2013-03-12,729.4
2013-03-11,734.7
2013-03-08,737
2013-03-07,718.2
2013-03-06,713.6
2013-03-05,714.3
2013-03-04,710
2013-03-01,728.1
2013-02-28,731.4
2013-02-27,725
2013-02-26,713
2013-02-25,729.9
2013-02-22,721.4
2013-02-21,716.4
2013-02-20,732.9
2013-02-19,728.8
2013-02-18,726
2013-02-15,728.5
2013-02-14,724.2
2013-02-13,730.9
2013-02-12,728.9
2013-02-11,718.3
2013-02-08,716.7
2013-02-07,700.4
2013-02-06,713.1
2013-02-05,709.4
2013-02-04,706.1
2013-02-01,719.6
2013-01-31,716.7
2013-01-30,724.1
2013-01-29,720.1
2013-01-28,717.1
2013-01-25,710.3
2013-01-24,704.9
2013-01-23,695.1
2013-01-22,693
2013-01-21,695.5
2013-01-18,693.9
2013-01-17,691.1
2013-01-16,683.4
2013-01-15,679.6
2013-01-14,675.8
2013-01-11,677.7
2013-01-10,673.4
2013-01-09,669.9
2013-01-08,659.2
2013-01-07,666.2
2013-01-04,667.6
2013-01-03,662.5
2013-01-02,665.7
2012-12-31,646.9
2012-12-28,651.3
2012-12-27,652
2012-12-24,654.9
2012-12-21,649.7
2012-12-20,650
2012-12-19,653
2012-12-18,640.2
2012-12-17,641.5
2012-12-14,641.6
2012-12-13,643.4
2012-12-12,643.8
2012-12-11,644.8
2012-12-10,641.2
2012-12-07,643.6
2012-12-06,643.8
2012-12-05,644.1
2012-12-04,636.2
2012-12-03,635.9
2012-11-30,637.7
2012-11-29,631.6
2012-11-28,622.8
2012-11-27,620.9
2012-11-26,620
2012-11-23,625.9
2012-11-22,622
2012-11-21,618
2012-11-20,614.5
2012-11-19,618.3
2012-11-16,595.8
2012-11-15,601.3
2012-11-14,603
2012-11-13,608.6
2012-11-12,603.8
2012-11-09,600.9
2012-11-08,602.9
2012-11-07,607.8
2012-11-06,621.7
2012-11-05,618
2012-11-02,626.1
2012-11-01,625
2012-10-31,608.8
2012-10-30,611.6
2012-10-29,610.9
2012-10-26,610.4
2012-10-25,614
2012-10-24,610
2012-10-23,612.9
2012-10-22,618
2012-10-19,615.3
2012-10-18,616.9
2012-10-17,612.7
2012-10-16,611
2012-10-15,600.3
2012-10-12,595.3
2012-10-11,597.2
2012-10-10,589.6
2012-10-09,591
2012-10-08,595.8
2012-10-05,599.8
2012-10-04,592.8
2012-10-03,587.7
2012-10-02,580.5
2012-10-01,587.5
2012-09-28,573.3
2012-09-27,579.5
2012-09-26,573.7
2012-09-25,583.8
2012-09-24,585
2012-09-21,584.2
2012-09-20,587
2012-09-19,587.8
2012-09-18,577.9
2012-09-17,583.2
2012-09-14,584.4
2012-09-13,568.1
2012-09-12,569.1
2012-09-11,564.6
2012-09-10,563.7
2012-09-07,563.5
2012-09-06,555.1
2012-09-05,541
2012-09-04,544.6
2012-09-03,551
2012-08-31,547.1
2012-08-30,547.9
2012-08-29,553.7
2012-08-28,558.4
2012-08-24,557
2012-08-23,559.1
2012-08-22,559.4
2012-08-21,567.9
2012-08-20,563.1
2012-08-17,570
2012-08-16,564.8
2012-08-15,562.2
2012-08-14,569
2012-08-13,565.7
2012-08-10,566.8
2012-08-09,566
2012-08-08,563.3
2012-08-07,560.7
2012-08-06,560.3
2012-08-03,560.5
2012-08-02,538.7
2012-08-01,540.6
2012-07-31,533.9
2012-07-30,543.1
2012-07-27,531.1
2012-07-26,525.7
2012-07-25,517.6
2012-07-24,510.6
2012-07-23,514.6
2012-07-20,533.2
2012-07-19,549.4
2012-07-18,545.7
2012-07-17,547.4
2012-07-16,556.8
2012-07-13,560
2012-07-12,555.9
2012-07-11,568.7
2012-07-10,566.3
2012-07-09,561.1
2012-07-06,565.6
2012-07-05,566.4
2012-07-04,567.6
2012-07-03,570.3
2012-07-02,570.1
2012-06-29,561.1
2012-06-28,558.2
2012-06-27,573
2012-06-26,559.4
2012-06-25,558.3
2012-06-22,562.3
2012-06-21,559.2
2012-06-20,565.3
2012-06-19,560.5
2012-06-18,546.7
2012-06-15,546.4
2012-06-14,545.5
2012-06-13,545
2012-06-12,539.1
2012-06-11,533.8
2012-06-08,531.4
2012-06-07,535
2012-06-06,527
2012-06-01,503.2
2012-05-31,509.5
2012-05-30,503.5
2012-05-29,514.4
2012-05-28,510.4
2012-05-25,513.9
2012-05-24,514.8
2012-05-23,507.5
2012-05-22,523
2012-05-21,513.4
2012-05-18,509.6
2012-05-17,520.9
2012-05-16,534.2
2012-05-15,547.7
2012-05-14,545.8
2012-05-11,554.2
2012-05-10,556.5
2012-05-09,551.2
2012-05-08,548.6
2012-05-04,555.1
2012-05-03,563.3
2012-05-02,561.4
2012-05-01,565
2012-04-30,555.1
2012-04-27,559.4
2012-04-26,552.6
2012-04-25,554.3
2012-04-24,553.5
2012-04-23,545.7
2012-04-20,555.8
2012-04-19,554.6
2012-04-18,552
2012-04-17,554.1
2012-04-16,541.3
2012-04-13,543.2
2012-04-12,548
2012-04-11,540.9
2012-04-10,537
2012-04-05,554.5
2012-04-04,556.8
2012-04-03,558.9
2012-04-02,558.7
2012-03-30,554.8
2012-03-29,547.1
2012-03-28,561.4
2012-03-27,564.5
2012-03-26,561
2012-03-23,558.3
2012-03-22,563.4
2012-03-21,567.4
2012-03-20,565.3
2012-03-19,577.8
2012-03-16,580.4
2012-03-15,574.8
2012-03-13,572.4
2012-03-12,556.1
2012-03-09,556.9
2012-03-08,556
2012-03-07,550.7
2012-03-06,548.4
2012-03-05,558.6
2012-03-02,569
2012-03-01,568.3
2012-02-29,555.3
2012-02-28,559.3
2012-02-27,553.5
2012-02-24,574.9
2012-02-23,575.4
2012-02-22,575.6
2012-02-21,579.5
2012-02-20,581.7
2012-02-17,577.7
2012-02-16,573.6
2012-02-15,575.9
2012-02-14,561.5
2012-02-13,564.4
2012-02-10,557.6
2012-02-09,568
2012-02-08,565.5
2012-02-07,562
2012-02-06,557.5
2012-02-03,559.5
2012-02-02,545.7
2012-02-01,541.9
2012-01-31,529.7
2012-01-30,527.5
2012-01-27,541.1
2012-01-26,539.5
2012-01-25,537
2012-01-24,540.1
2012-01-20,542.3
2012-01-19,536.4
2012-01-18,515.6
2012-01-17,517.5
2012-01-16,507.7
2012-01-13,504.7
2012-01-12,499.6
2012-01-11,503.6
2012-01-10,504.7
2012-01-09,491.4
2012-01-06,498.2
2012-01-05,497.6
2012-01-04,500
2012-01-03,504.9
2011-12-30,491.05
2011-12-29,492
2011-12-28,487.05
2011-12-23,490.05
2011-12-22,488.55
2011-12-21,480.1
2011-12-20,483.9
2011-12-19,478.25
2011-12-16,480.7
2011-12-15,482.4
2011-12-14,480
2011-12-13,492.5
2011-12-12,488.75
2011-12-09,504.9
2011-12-08,501.7
2011-12-07,509
2011-12-06,512.7
2011-12-05,518
2011-12-02,510.7
2011-12-01,495.7
2011-11-30,494.5
2011-11-29,486.55
2011-11-28,488.75
2011-11-25,467.4
2011-11-24,466.85
2011-11-23,463.5
2011-11-22,474.95
2011-11-21,469
2011-11-18,480.85
2011-11-17,484.4
2011-11-16,494.85
2011-11-15,501.3
2011-11-14,504.7
2011-11-11,503.3
2011-11-10,500.3
2011-11-09,506.3
2011-11-08,537.5
2011-11-07,535
2011-11-04,540
2011-11-03,541
2011-11-02,540.8
2011-11-01,532.4
2011-10-31,544.9
2011-10-28,565.3
2011-10-27,555.3
2011-10-26,526.2
2011-10-25,525
2011-10-24,530
2011-10-21,518
2011-10-20,512.7
2011-10-19,522.5
2011-10-18,520.2
2011-10-17,523
2011-10-14,525
2011-10-13,523.1
2011-10-12,529.1
2011-10-11,519.7
2011-10-10,519.1
2011-10-07,509
2011-10-06,509.8
2011-10-05,485
2011-10-04,473.55
2011-10-03,487.6
2011-09-30,496.9
2011-09-29,512.8
2011-09-28,510
2011-09-27,520.4
2011-09-26,499.9
2011-09-23,498
2011-09-22,486.2
2011-09-21,511.9
2011-09-20,520.9
2011-09-19,511.2
2011-09-16,524.8
2011-09-15,521.1
2011-09-14,501.5
2011-09-13,499
2011-09-12,492.55
2011-09-09,504.5
2011-09-08,522
2011-09-07,525.6
2011-09-06,509.2
2011-09-05,504.5
2011-09-02,524.5
2011-09-01,538.5
2011-08-31,536.6
2011-08-30,524.9
2011-08-26,503.8
2011-08-25,513.1
2011-08-24,514.9
2011-08-23,512.1
2011-08-22,511
2011-08-19,511
2011-08-18,509.6
2011-08-17,542
2011-08-16,552.6
2011-08-15,547.2
2011-08-12,551.8
2011-08-11,535.8
2011-08-10,516.2
2011-08-09,545
2011-08-08,537.8
2011-08-05,557.1
2011-08-04,578.5
2011-08-03,593.8
2011-08-02,610.1
2011-08-01,607.5
2011-07-29,594.5
2011-07-28,606.8
2011-07-27,601.9
2011-07-26,611.6
2011-07-25,607.6
2011-07-22,612.2
2011-07-21,608.6
2011-07-20,605.5
2011-07-19,593.7
2011-07-18,591.2
2011-07-15,599.9
2011-07-14,600
2011-07-13,606.6
2011-07-12,606.2
2011-07-11,615.5
2011-07-08,618.2
2011-07-07,624.6
2011-07-06,625.5
2011-07-05,624.6
2011-07-04,627
2011-07-01,629.1
2011-06-30,618.4
2011-06-29,612.4
2011-06-28,608.2
2011-06-27,606.2
2011-06-24,602.9
2011-06-23,601.1
2011-06-22,605.6
2011-06-21,609
2011-06-20,603.5
2011-06-17,607.3
2011-06-16,608.2
2011-06-15,608.6
2011-06-14,616
2011-06-13,616.2
2011-06-10,613.8
2011-06-09,621.7
2011-06-08,616.6
2011-06-07,623.2
2011-06-06,625.8
2011-06-03,627.3
2011-06-02,627.2
2011-06-01,631.8
2011-05-31,634.8
2011-05-27,630.5
2011-05-26,623.9
2011-05-25,626.4
2011-05-24,623.5
2011-05-23,626.7
2011-05-20,635.1
2011-05-19,639.5
2011-05-18,638.6
2011-05-17,638.8
2011-05-16,642.7
2011-05-13,647.5
2011-05-12,648
2011-05-11,646.1
2011-05-10,656.2
2011-05-09,648.2
2011-05-06,651.7
2011-05-05,646.2
2011-05-04,651.8
2011-05-03,662.5
2011-04-28,655.4
2011-04-27,657.9
2011-04-26,659.6
2011-04-21,659.6
2011-04-20,651.8
2011-04-19,640.6
2011-04-18,643.8
2011-04-15,653.4
2011-04-14,653.3
2011-04-13,661.6
2011-04-12,654.9
2011-04-11,660
2011-04-08,664.7
2011-04-07,667.2
2011-04-06,660.4
2011-04-05,647.4
2011-04-04,647.6
2011-04-01,655.1
2011-03-31,641
2011-03-30,656
2011-03-29,651.4
2011-03-28,653.5
2011-03-25,647.9
2011-03-24,646.6
2011-03-23,631.3
2011-03-22,626.1
2011-03-21,633.8
2011-03-18,623.1
2011-03-17,626.6
2011-03-16,622.5
2011-03-15,646
2011-03-14,650
2011-03-11,657.6
2011-03-10,660
2011-03-09,666.2
2011-03-08,670.6
2011-03-07,657.5
2011-03-04,652.5
2011-03-03,662.7
2011-03-02,657.5
2011-03-01,658
2011-02-28,678
2011-02-25,711.1
2011-02-24,694.8
2011-02-23,696.8
2011-02-22,699
2011-02-21,704.4
2011-02-18,722.8
2011-02-17,730.9
2011-02-16,721.5
2011-02-15,701.6
2011-02-14,707.9
2011-02-11,714
2011-02-10,715
2011-02-09,723
2011-02-08,718.1
2011-02-07,706
2011-02-04,706.5
2011-02-03,708
2011-02-02,701.4
2011-02-01,687.7
2011-01-31,680.6
2011-01-28,684.8
2011-01-27,695.9
2011-01-26,696
2011-01-25,698
2011-01-24,697.2
2011-01-21,695.8
2011-01-20,697.3
2011-01-19,704.1
2011-01-18,709.3
2011-01-17,703.5
2011-01-14,709.7
2011-01-13,713
2011-01-12,715
2011-01-11,688.7
2011-01-10,672.4
2011-01-07,680
2011-01-06,687.3
2011-01-05,689
2011-01-04,668.1
2010-12-31,651.1
2010-12-30,658.4
2010-12-29,663.1
2010-12-24,667.3
2010-12-23,668
2010-12-22,669.4
2010-12-21,662.8
2010-12-20,656.8
2010-12-17,655.5
2010-12-16,662.1
2010-12-15,661.1
2010-12-14,671.7
2010-12-13,665.5
2010-12-10,663.1
2010-12-09,666.7
2010-12-08,658.9
2010-12-07,665.5
2010-12-06,666.7
2010-12-03,665.8
2010-12-02,667.5
2010-12-01,656.2
2010-11-30,648.3
2010-11-29,651.4
2010-11-26,651.1
2010-11-25,656.1
2010-11-24,652.2
2010-11-23,643.9
2010-11-22,653.8
2010-11-19,657.5
2010-11-18,666.5
2010-11-17,660.5
2010-11-16,665
2010-11-15,681.8
2010-11-12,679.8
2010-11-11,684
2010-11-10,689.6
2010-11-09,694.4
2010-11-08,689.1
2010-11-05,683
2010-11-04,695.1
2010-11-03,670
2010-11-02,657.9
2010-11-01,655.2
2010-10-29,649.1
2010-10-28,659
2010-10-27,656.9
2010-10-26,660
2010-10-25,668.4
2010-10-22,666.8
2010-10-21,670.4
2010-10-20,660
2010-10-19,660.5
2010-10-18,660.4
2010-10-15,653.3
2010-10-14,662.3
2010-10-13,671.1
2010-10-12,663.2
2010-10-11,661.9
2010-10-08,658.2
2010-10-07,661.6
2010-10-06,663.7
2010-10-05,665.5
2010-10-04,651.6
2010-10-01,653.6
2010-09-30,645
2010-09-29,649
2010-09-28,659.5
2010-09-27,660.9
2010-09-24,666.3
2010-09-23,664
2010-09-22,664
2010-09-21,671
2010-09-20,679.6
2010-09-17,672.7
2010-09-16,675.4
2010-09-15,676.6
2010-09-14,676.2
2010-09-13,677.9
2010-09-10,661.5
2010-09-09,661.6
2010-09-08,654.8
2010-09-07,662.4
2010-09-06,662.8
2010-09-03,654.4
2010-09-02,652
2010-09-01,652
2010-08-31,643.7
2010-08-27,637
2010-08-26,632.9
2010-08-25,631.5
2010-08-24,629.9
2010-08-23,639.2
2010-08-20,634.2
2010-08-19,635.5
2010-08-18,652.8
2010-08-17,667.7
2010-08-16,654.5
2010-08-13,652.9
2010-08-12,661.3
2010-08-11,657.5
2010-08-10,670
2010-08-09,670.7
2010-08-06,661.4
2010-08-05,669
2010-08-04,672
2010-08-03,671.4
2010-08-02,680
2010-07-30,646
2010-07-29,656.3
2010-07-28,663.3
2010-07-27,666.3
2010-07-26,649.3
2010-07-23,646.2
2010-07-22,655
2010-07-21,638
2010-07-20,627.8
2010-07-19,623.1
2010-07-16,632.8
2010-07-15,637.5
2010-07-14,639.7
2010-07-13,644.4
2010-07-12,632.4
2010-07-09,627.1
2010-07-08,623.2
2010-07-07,614.7
2010-07-06,615.9
2010-07-05,596.2
2010-07-02,600.1
2010-07-01,599.1
2010-06-30,615.2
2010-06-29,615.5
2010-06-28,639
2010-06-25,641.8
2010-06-24,637.1
2010-06-23,651.8
2010-06-22,659.2
2010-06-21,659.3
2010-06-18,648.6
2010-06-17,648.9
2010-06-16,648.5
2010-06-15,650.4
2010-06-14,651.3
2010-06-11,646.8
2010-06-10,644.5
2010-06-09,641.6
2010-06-08,633
2010-06-07,629.4
2010-06-04,630.1
2010-06-03,639.4
2010-06-02,633.8
2010-06-01,635.5
2010-05-28,627.8
2010-05-27,634.3
2010-05-26,617.8
2010-05-25,619.5
2010-05-24,630.7
2010-05-21,629.2
2010-05-20,632
2010-05-19,641.76
2010-05-18,650.6
2010-05-17,649.1
2010-05-14,647.5
2010-05-13,665.1
2010-05-12,666.7
2010-05-11,661.4
2010-05-10,671.6
2010-05-07,629.6
2010-05-06,628.4
2010-05-05,652.6
2010-05-04,655.3
2010-04-30,668
2010-04-29,678
2010-04-28,665.9
2010-04-27,665.7
2010-04-26,685.8
2010-04-23,682
2010-04-22,677.4
2010-04-21,682
2010-04-20,691.7
2010-04-19,691
2010-04-16,698
2010-04-15,712.5
2010-04-14,692
2010-04-13,695.1
2010-04-12,694.4
2010-04-09,690.6
2010-04-08,676.7
2010-04-07,677.5
2010-04-06,672.4
2010-04-01,675.4
2010-03-31,668
2010-03-30,670
2010-03-29,684
2010-03-26,687.7
2010-03-25,694.7
2010-03-24,674.5
2010-03-23,675.8
2010-03-22,678.1
2010-03-19,680
2010-03-18,681
2010-03-17,692.8
2010-03-16,683.5
2010-03-15,681
2010-03-12,684
2010-03-11,694.6
2010-03-10,706.1
2010-03-09,701.1
2010-03-08,705.8
2010-03-05,710.8
2010-03-04,693.4
2010-03-03,699.9
2010-03-02,700.6
2010-03-01,682
2010-02-26,719.6
2010-02-25,710
2010-02-24,717.8
2010-02-23,700.6
2010-02-22,698.8
2010-02-19,691
2010-02-18,685
2010-02-17,681
2010-02-16,667.8
2010-02-15,657
2010-02-12,649.7
2010-02-11,657
2010-02-10,658.2
2010-02-09,650.3
2010-02-08,648.4
2010-02-05,648
2010-02-04,656
2010-02-03,681.3
2010-02-02,683.5
2010-02-01,687
2010-01-29,677.3
2010-01-28,660
2010-01-27,663
2010-01-26,673.6
2010-01-25,674.8
2010-01-22,673.6
2010-01-21,675
2010-01-20,683.4
2010-01-19,698.3
2010-01-18,699
2010-01-15,702.5
2010-01-14,714.6
2010-01-13,717.7
2010-01-12,728.4
2010-01-11,730
2010-01-08,740
2010-01-07,736.5
2010-01-06,740.4
2010-01-05,737
2010-01-04,726.5
2009-12-31,708.8
2009-12-30,710.5
2009-12-29,713.7
2009-12-24,718.9
2009-12-23,714
2009-12-22,703.1
2009-12-21,702.5
2009-12-18,680
2009-12-17,684.1
2009-12-16,709
2009-12-15,701.8
2009-12-14,719.9
2009-12-11,703.4
2009-12-10,713
2009-12-09,699
2009-12-08,695.1
2009-12-07,713.6
2009-12-04,723.6
2009-12-03,722.5
2009-12-02,722.7
2009-12-01,726
2009-11-30,707
2009-11-27,706.3
2009-11-26,705.6
2009-11-25,741.2
2009-11-24,737
2009-11-23,751.4
2009-11-20,731.9
2009-11-19,732.7
2009-11-18,742
2009-11-17,745.1
2009-11-16,761.2
2009-11-13,741.6
2009-11-12,732.5
2009-11-11,726.1
2009-11-10,720
2009-11-09,692.2
2009-11-06,683.3
2009-11-05,669.5
2009-11-04,677
2009-11-03,667.5
2009-11-02,690
2009-10-30,673.7
2009-10-29,681.1
2009-10-28,671.4
2009-10-27,680.5
2009-10-26,686
2009-10-23,698.6
2009-10-22,690.1
2009-10-21,703
2009-10-20,694
2009-10-19,709.9
2009-10-16,694
2009-10-15,707.9
2009-10-14,723
2009-10-13,704.1
2009-10-12,718
2009-10-09,716.8
2009-10-08,712.1
2009-10-07,706.2
2009-10-06,702.2
2009-10-05,689.9
2009-10-02,686.5
2009-10-01,698
2009-09-30,716
2009-09-29,725.8
2009-09-28,723.3
2009-09-25,704.2
2009-09-24,703.4
2009-09-23,711.1
2009-09-22,713.3
2009-09-21,721.6
2009-09-18,730
2009-09-17,717.2
2009-09-16,700
2009-09-15,670.5
2009-09-14,661
2009-09-11,654.5
2009-09-10,654.3
2009-09-09,661.1
2009-09-08,654.3
2009-09-07,665
2009-09-04,658.3
2009-09-03,644
2009-09-02,640.3
2009-09-01,643.9
2009-08-28,672.1
2009-08-27,663.6
2009-08-26,668.6
2009-08-25,671
2009-08-24,664.1
2009-08-21,659.1
2009-08-20,645.8
2009-08-19,643
2009-08-18,656
2009-08-17,638
2009-08-14,650
2009-08-13,669
2009-08-12,653
2009-08-11,654.9
2009-08-10,669
2009-08-07,667
2009-08-06,661
2009-08-05,627.2
2009-08-04,629
2009-08-03,635.9
2009-07-31,605.75
2009-07-30,596
2009-07-29,571.6
2009-07-28,567.5
2009-07-27,569.95
2009-07-24,574.5
2009-07-23,573.2
2009-07-22,555.7
2009-07-21,550
2009-07-20,559
2009-07-17,545
2009-07-16,536.6
2009-07-15,531
2009-07-14,510.8
2009-07-13,500.5
2009-07-10,495
2009-07-09,500
2009-07-08,493
2009-07-07,502.7
2009-07-06,506.45
2009-07-03,509
2009-07-02,500.3
2009-07-01,509.5
2009-06-30,502.5
2009-06-29,511.25
2009-06-26,510
2009-06-25,505.5
2009-06-24,518.15
2009-06-23,512.5
2009-06-22,512
2009-06-19,522
2009-06-18,523.5
2009-06-17,526.5
2009-06-16,523
2009-06-15,530
2009-06-12,547
2009-06-11,548.25
2009-06-10,536
2009-06-09,517.75
2009-06-08,523.5
2009-06-05,524
2009-06-04,531.25
2009-06-03,529.5
2009-06-02,535
2009-06-01,552
2009-05-29,556.5
2009-05-28,545.25
2009-05-27,551
2009-05-26,540.25
2009-05-22,536.5
2009-05-21,540.5
2009-05-20,561.5
2009-05-19,575
2009-05-18,555.5
2009-05-15,532
2009-05-14,539.75
2009-05-13,530.5
2009-05-12,559.5
2009-05-11,578
2009-05-08,577.5
2009-05-07,555
2009-05-06,539
2009-05-05,517.5
2009-05-01,482
2009-04-30,480.5
2009-04-29,465.25
2009-04-28,457
2009-04-27,466.5
2009-04-24,476
2009-04-23,459.5
2009-04-22,469.5
2009-04-21,450.25
2009-04-20,459
2009-04-17,485
2009-04-16,488
2009-04-15,476.5
2009-04-14,481.25
2009-04-09,474
2009-04-08,437
2009-04-07,442
2009-04-06,450.75
2009-04-03,434.5
2009-04-02,459
2009-04-01,410.75
2009-03-31,395
2009-03-30,370.5
2009-03-27,402.5
2009-03-26,399.25
2009-03-25,374.25
2009-03-24,391.25
2009-03-23,417.75
2009-03-20,371
2009-03-19,393.2353
2009-03-18,380.5995
2009-03-17,400.8604
2009-03-16,385.1745
2009-03-13,358.8136
2009-03-12,336.3741
2009-03-11,325.9169
2009-03-10,347.7028
2009-03-09,304.131
2009-03-06,314.3704
2009-03-05,328.9669
2009-03-04,349.4457
2009-03-03,344.217
2009-03-02,347.7028
2009-02-27,428.0927
2009-02-26,459.2466
2009-02-25,429.182
2009-02-24,411.3176
2009-02-23,413.2783
2009-02-20,415.8926
2009-02-19,433.9749
2009-02-18,439.2035
2009-02-17,430.9249
2009-02-16,462.2966
2009-02-13,461.8609
2009-02-12,464.9109
2009-02-11,459.2466
2009-02-10,468.1788
2009-02-09,484.0825
2009-02-06,478.8539
2009-02-05,470.1395
2009-02-04,474.4967
2009-02-03,459.2466
2009-02-02,459.2466
2009-01-30,473.4074
2009-01-29,481.9039
2009-01-28,508.0469
2009-01-27,462.9502
2009-01-26,471.4467
2009-01-23,449.225
2009-01-22,459.2466
2009-01-21,449.225
2009-01-20,422.6463
2009-01-19,436.5892
2009-01-16,466.8716
2009-01-15,477.111
2009-01-14,513.0577
2009-01-13,557.7188
2009-01-12,556.6295
2009-01-09,547.6973
2009-01-08,557.9366
2009-01-07,560.333
2009-01-06,573.1868
2009-01-05,591.7048
2009-01-02,594.319
2008-12-31,576.8904
2008-12-30,565.5617
2008-12-29,553.3616
2008-12-24,544.6472
2008-12-23,540.29
2008-12-22,533.5364
2008-12-19,533.9722
2008-12-18,544.8651
2008-12-17,585.6047
2008-12-16,623.0764
2008-12-15,630.9194
2008-12-12,638.7623
2008-12-11,653.5767
2008-12-10,664.6875
2008-12-09,660.7661
2008-12-08,652.9231
2008-12-05,618.7192
2008-12-04,618.2836
2008-12-03,608.262
2008-12-02,601.2905
2008-12-01,610.0049
2008-11-28,623.0764
2008-11-27,615.0157
2008-11-26,613.4907
2008-11-25,601.0727
2008-11-24,566.4331
2008-11-21,545.5187
2008-11-20,550.7473
2008-11-19,559.0259
2008-11-18,615.2335
2008-11-17,617.6299
2008-11-14,626.5622
2008-11-13,606.0834
2008-11-12,610.0049
2008-11-11,606.9549
2008-11-10,640.9409
2008-11-07,650.5267
2008-11-06,647.9124
2008-11-05,675.3625
2008-11-04,688.4341
2008-11-03,668.3911
2008-10-31,664.0339
2008-10-30,679.7197
2008-10-29,653.5767
2008-10-28,591.0512
2008-10-27,577.7618
2008-10-24,606.5192
2008-10-23,701.5057
2008-10-22,693.6627
2008-10-21,705.8629
2008-10-20,732.0059
2008-10-17,694.3163
2008-10-16,672.3126
2008-10-15,700.1984
2008-10-14,748.5631
2008-10-13,740.0666
2008-10-10,688.4341
2008-10-09,749.4346
2008-10-08,765.3383
2008-10-07,785.1635
2008-10-06,768.6062
2008-10-03,808.4743
2008-10-02,794.5314
2008-10-01,803.6815
2008-09-30,785.1635
2008-09-29,753.7917
2008-09-26,765.9918
2008-09-25,767.7347
2008-09-24,754.2275
2008-09-23,762.0704
2008-09-22,755.0989
2008-09-19,801.285
2008-09-18,693.6627
2008-09-17,698.0198
2008-09-16,731.788
2008-09-15,744.6417
2008-09-12,769.6955
2008-09-11,769.6955
2008-09-10,786.4706
2008-09-09,789.7385
2008-09-08,779.0635
2008-09-05,735.9273
2008-09-04,745.0775
2008-09-03,770.1312
2008-09-02,773.399
2008-09-01,757.0597
2008-08-29,754.2275
2008-08-28,747.256
2008-08-27,729.3916
2008-08-26,728.0844
2008-08-22,720.6772
2008-08-21,702.1592
2008-08-20,721.3308
2008-08-19,715.4486
2008-08-18,747.4738
2008-08-15,742.681
2008-08-14,746.3845
2008-08-13,743.9881
2008-08-12,757.2775
2008-08-11,752.0488
2008-08-08,748.1274
2008-08-07,734.1844
2008-08-06,741.8096
2008-08-05,745.731
2008-08-04,721.5486
2008-08-01,729.3916
2008-07-31,731.1345
2008-07-30,738.106
2008-07-29,718.4987
2008-07-28,714.5771
2008-07-25,721.5486
2008-07-24,730.2629
2008-07-23,734.838
2008-07-22,708.9128
2008-07-21,709.7843
2008-07-18,691.9199
2008-07-17,666.2125
2008-07-16,634.4051
2008-07-15,623.5121
2008-07-14,643.9909
2008-07-11,638.1086
2008-07-10,662.291
2008-07-09,671.659
2008-07-08,661.4196
2008-07-07,672.0947
2008-07-04,657.0624
2008-07-03,671.0054
2008-07-02,664.0339
2008-07-01,657.4982
2008-06-30,676.0162
2008-06-27,677.9769
2008-06-26,686.2555
2008-06-25,710.0021
2008-06-24,698.6735
2008-06-23,699.7628
2008-06-20,695.1877
2008-06-19,700.6342
2008-06-18,710.22
2008-06-17,720.0237
2008-06-16,718.7164
2008-06-13,716.32
2008-06-12,721.9844
2008-06-11,711.3093
2008-06-10,728.738
2008-06-09,724.5987
2008-06-06,730.6987
2008-06-05,748.9989
2008-06-04,748.5631
2008-06-03,745.9489
2008-06-02,743.1167
2008-05-30,742.8988
2008-05-29,738.106
2008-05-28,738.3237
2008-05-27,738.9774
2008-05-23,738.9774
2008-05-22,742.8988
2008-05-21,752.7025
2008-05-20,763.3776
2008-05-19,781.6777
2008-05-16,776.8848
2008-05-15,777.3206
2008-05-14,778.6276
2008-05-13,780.3705
2008-05-12,768.6062
2008-05-09,754.6632
2008-05-08,768.1704
2008-05-07,773.399
2008-05-06,763.3776
2008-05-02,775.1419
2008-05-01,766.4276
2008-04-30,766.4276
2008-04-29,759.0203
2008-04-28,753.7917
2008-04-25,748.9989
2008-04-24,745.0775
2008-04-23,740.2845
2008-04-22,737.6702
2008-04-21,738.9774
2008-04-18,745.5131
2008-04-17,733.7488
2008-04-16,742.0274
2008-04-15,732.8773
2008-04-14,732.0059
2008-04-11,744.6417
2008-04-10,748.5631
2008-04-09,745.9489
2008-04-08,746.8203
2008-04-07,746.3845
2008-04-04,741.1559
2008-04-03,743.3346
2008-04-02,754.2275
2008-04-01,750.306
2008-03-31,723.2915
2008-03-28,717.1915
2008-03-27,715.4486
2008-03-26,708.0414
2008-03-25,720.6772
2008-03-20,702.8128
2008-03-19,696.277
2008-03-18,697.1485
2008-03-17,650.0909
2008-03-14,664.4696
2008-03-13,677.5411
2008-03-12,693.2271
2008-03-11,688.8698
2008-03-10,670.5697
2008-03-07,660.9839
2008-03-06,668.3911
2008-03-05,687.127
2008-03-04,670.134
2008-03-03,688.4341
2008-02-29,667.5197
2008-02-28,679.7197
2008-02-27,694.9699
2008-02-26,695.8413
2008-02-25,671.8768
2008-02-22,656.191
2008-02-21,655.3196
2008-02-20,649.6552
2008-02-19,658.8053
2008-02-18,656.191
2008-02-15,636.1479
2008-02-14,650.9624
2008-02-13,650.0909
2008-02-12,649.2195
2008-02-11,620.8978
2008-02-08,642.248
2008-02-07,636.5837
2008-02-06,650.9624
2008-02-05,661.4196
2008-02-04,677.9769
2008-02-01,674.0554
2008-01-31,654.8839
2008-01-30,657.9338
2008-01-29,667.9554
2008-01-28,658.8053
2008-01-25,671.8768
2008-01-24,680.1554
2008-01-23,657.9338
2008-01-22,644.8623
2008-01-21,620.4622
2008-01-18,662.7267
2008-01-17,661.8553
2008-01-16,656.6267
2008-01-15,673.184
2008-01-14,706.7343
2008-01-11,708.4771
2008-01-10,709.3486
2008-01-09,721.5486
2008-01-08,723.7272
2008-01-07,725.9058
2008-01-04,721.113
2008-01-03,730.6987
2008-01-02,727.6487
2007-12-31,733.7488
2007-12-28,735.9273
2007-12-27,740.2845
2007-12-24,745.9489
2007-12-21,741.1559
2007-12-20,733.7488
2007-12-19,726.3416
2007-12-18,721.9844
2007-12-17,719.8057
2007-12-14,731.1345
2007-12-13,723.7272
2007-12-12,743.3346
2007-12-11,742.0274
2007-12-10,745.9489
2007-12-07,748.1274
2007-12-05,723.2915
2007-12-04,702.3771
2007-12-03,715.8843
2007-11-30,723.2915
2007-11-29,709.3486
2007-11-28,713.7058
2007-11-27,699.7628
2007-11-26,707.1699
2007-11-23,720.6772
2007-11-22,711.9629
2007-11-21,703.6842
2007-11-20,727.2131
2007-11-19,719.8057
2007-11-16,735.4916
2007-11-15,748.9989
2007-11-14,754.6632
2007-11-13,734.1844
2007-11-12,739.8488
2007-11-09,732.4415
2007-11-08,742.4631
2007-11-07,762.5061
2007-11-06,774.7062
2007-11-05,777.3206
2007-11-02,789.5206
2007-11-01,806.0779
2007-10-31,828.7352
2007-10-30,820.0208
2007-10-29,817.4066
2007-10-26,803.8993
2007-10-25,791.6992
2007-10-24,792.1349
2007-10-23,800.4135
2007-10-22,798.3577
2007-10-19,803.4636
2007-10-18,821.7637
2007-10-17,840.0639
2007-10-16,827.4281
2007-10-15,831.3495
2007-10-12,830.4781
2007-10-11,837.8853
2007-10-10,822.6352
2007-10-09,826.1209
2007-10-08,822.6352
2007-10-05,837.8853
2007-10-04,830.0424
2007-10-03,815.228
2007-10-02,794.3135
2007-10-01,789.0849
2007-09-28,788.2135
2007-09-27,795.6207
2007-09-26,796.4921
2007-09-25,792.1349
2007-09-24,789.9564
2007-09-21,792.1349
2007-09-20,792.1349
2007-09-19,796.4921
2007-09-18,781.242
2007-09-17,769.5787
2007-09-14,767.7347
2007-09-13,772.5276
2007-09-12,764.249
2007-09-11,768.6062
2007-09-10,762.0704
2007-09-07,772.5276
2007-09-06,768.1704
2007-09-05,768.1704
2007-09-04,782.5491
2007-09-03,781.6777
2007-08-31,781.6777
2007-08-30,772.0919
2007-08-29,765.1204
2007-08-28,767.7347
2007-08-24,785.1635
2007-08-23,782.1134
2007-08-22,790.3921
2007-08-21,776.8848
2007-08-20,779.0635
2007-08-17,786.0349
2007-08-16,750.7418
2007-08-15,769.9133
2007-08-14,779.9349
2007-08-13,784.292
2007-08-10,766.8633
2007-08-09,788.6492
2007-08-08,799.1064
2007-08-07,793.8778
2007-08-06,782.5491
2007-08-03,784.292
2007-08-02,791.6992
2007-08-01,784.7277
2007-07-31,796.4921
2007-07-30,777.7563
2007-07-27,767.299
2007-07-26,758.149
2007-07-25,772.0919
2007-07-24,772.9634
2007-07-23,785.5992
2007-07-20,779.9349
2007-07-19,789.9564
2007-07-18,785.5992
2007-07-17,794.3135
2007-07-16,797.7993
2007-07-13,795.6207
2007-07-12,793.0063
2007-07-11,788.6492
2007-07-10,793.4421
2007-07-09,796.9279
2007-07-06,798.6707
2007-07-05,792.5707
2007-07-04,794.3135
2007-07-03,793.0063
2007-07-02,790.3921
2007-06-29,797.3636
2007-06-28,797.3636
2007-06-27,798.6707
2007-06-26,799.5422
2007-06-25,806.5136
2007-06-22,806.9493
2007-06-21,809.9994
2007-06-20,813.4851
2007-06-19,806.0779
2007-06-18,810.8708
2007-06-15,813.9208
2007-06-14,812.178
2007-06-13,809.1279
2007-06-12,810.4351
2007-06-11,814.7922
2007-06-08,810.8708
2007-06-07,807.385
2007-06-06,806.0779
2007-06-05,806.5136
2007-06-04,810.8708
2007-06-01,814.7922
2007-05-31,813.9208
2007-05-30,814.3565
2007-05-29,814.3565
2007-05-25,811.3065
2007-05-23,811.7422
2007-05-22,810.8708
2007-05-21,815.6637
2007-05-18,816.9709
2007-05-17,817.8422
2007-05-16,813.4851
2007-05-15,825.6852
2007-05-14,827.8638
2007-05-11,832.6567
2007-05-10,816.5351
2007-05-09,817.4066
2007-05-08,818.7137
2007-05-04,822.1995
2007-05-03,823.9423
2007-05-02,813.4851
2007-05-01,806.0779
2007-04-30,808.6922
2007-04-27,806.5136
2007-04-26,808.6922
2007-04-25,805.2065
2007-04-24,802.5922
2007-04-23,805.2065
2007-04-20,809.9994
2007-04-19,803.4636
2007-04-18,802.5922
2007-04-17,803.4636
2007-04-16,808.2565
2007-04-13,800.8493
2007-04-12,791.2634
2007-04-11,789.0849
2007-04-10,787.7777
2007-04-05,787.7777
2007-04-04,777.3206
2007-04-03,775.5777
2007-04-02,772.5276
2007-03-30,775.1419
2007-03-29,772.0919
2007-03-28,768.6062
2007-03-27,770.7848
2007-03-26,773.399
2007-03-23,782.5491
2007-03-22,782.5491
2007-03-21,767.7347
2007-03-20,782.5491
2007-03-19,772.0919
2007-03-16,766.8633
2007-03-15,772.0919
2007-03-14,766.8633
2007-03-13,786.4706
2007-03-12,793.8778
2007-03-09,793.0063
2007-03-08,794.7492
2007-03-07,787.7777
2007-03-06,786.4706
2007-03-05,780.8062
2007-03-02,772.0919
2007-03-01,770.3491
2007-02-28,776.4491
2007-02-27,778.6276
2007-02-26,787.342
2007-02-23,783.4206
2007-02-22,790.3921
2007-02-21,791.6992
2007-02-20,794.3135
2007-02-19,796.0564
2007-02-16,796.4921
2007-02-15,797.3636
2007-02-14,801.285
2007-02-13,801.7208
2007-02-12,797.7993
2007-02-09,801.7208
2007-02-08,799.1064
2007-02-07,811.3065
2007-02-06,813.9208
2007-02-05,814.7922
2007-02-02,814.7922
2007-02-01,812.6136
2007-01-31,806.0779
2007-01-30,814.7922
2007-01-29,814.7922
2007-01-26,811.7422
2007-01-25,815.6637
2007-01-24,818.278
2007-01-23,809.5637
2007-01-22,810.8708
2007-01-19,812.6136
2007-01-18,801.285
2007-01-17,796.0564
2007-01-16,796.9279
2007-01-15,799.5422
2007-01-12,800.4135
2007-01-11,805.2065
2007-01-10,803.8993
2007-01-09,805.2065
2007-01-08,812.178
2007-01-05,820.0208
2007-01-04,822.1995
2007-01-03,830.4781
2007-01-02,818.278
2006-12-29,811.3065
2006-12-28,811.3065
2006-12-27,809.5637
2006-12-22,805.2065
2006-12-21,805.2065
2006-12-20,806.0779
2006-12-19,807.8208
2006-12-18,813.4851
2006-12-15,811.3065
2006-12-14,806.9493
2006-12-13,800.8493
2006-12-12,801.7208
2006-12-11,804.335
2006-12-08,797.7993
2006-12-07,800.8493
2006-12-06,799.9778
2006-12-05,804.335
2006-12-04,816.5351
2006-12-01,809.5637
2006-11-30,817.4066
2006-11-29,826.9923
2006-11-28,823.9423
2006-11-27,832.6567
2006-11-24,843.5496
2006-11-23,850.5211
2006-11-22,854.0068
2006-11-21,860.9783
2006-11-20,860.1069
2006-11-17,863.5927
2006-11-16,866.6426
2006-11-15,869.257
2006-11-14,864.8998
2006-11-13,870.5641
2006-11-10,878.407
2006-11-09,888.8643
2006-11-08,890.1714
2006-11-07,891.0429
2006-11-06,895.8358
2006-11-03,884.9428
2006-11-02,880.15
2006-11-01,880.15
2006-10-31,866.2069
2006-10-30,866.2069
2006-10-27,870.5641
2006-10-26,875.7928
2006-10-25,875.7928
2006-10-24,877.0999
2006-10-23,878.407
2006-10-20,874.9213
2006-10-19,872.7427
2006-10-18,883.2
2006-10-17,876.6642
2006-10-16,884.9428
2006-10-13,886.2499
2006-10-12,881.8928
2006-10-11,878.407
2006-10-10,880.15
2006-10-09,866.6426
2006-10-06,870.1284
2006-10-05,870.9999
2006-10-04,851.3926
2006-10-03,843.5496
2006-10-02,843.9854
2006-09-29,849.214
2006-09-28,848.3425
2006-09-27,841.8068
2006-09-26,833.0924
2006-09-25,830.0424
2006-09-22,829.6067
2006-09-21,836.5782
2006-09-20,836.1424
2006-09-19,827.8638
2006-09-18,833.9638
2006-09-15,833.0924
2006-09-14,827.8638
2006-09-13,833.0924
2006-09-12,833.9638
2006-09-11,830.4781
2006-09-08,831.7853
2006-09-07,826.5566
2006-09-06,832.2209
2006-09-05,838.321
2006-09-04,839.6281
2006-09-01,832.6567
2006-08-31,830.4781
2006-08-30,829.6067
2006-08-29,830.4781
2006-08-25,826.9923
2006-08-24,821.3281
2006-08-23,820.8923
2006-08-22,825.2495
2006-08-21,823.5066
2006-08-18,830.9139
2006-08-17,829.171
2006-08-16,834.8353
2006-08-15,839.1924
2006-08-14,837.8853
2006-08-11,827.4281
2006-08-10,833.9638
2006-08-09,841.371
2006-08-08,827.8638
2006-08-07,827.4281
2006-08-04,833.5281
2006-08-03,833.0924
2006-08-02,845.2925
2006-08-01,836.5782
2006-07-31,846.1639
2006-07-28,848.7782
2006-07-27,847.9068
2006-07-26,844.8568
2006-07-25,843.1139
2006-07-24,842.6782
2006-07-21,825.2495
2006-07-20,833.0924
2006-07-19,838.7568
2006-07-18,826.1209
2006-07-17,826.5566
2006-07-14,820.8923
2006-07-13,825.2495
2006-07-12,840.9354
2006-07-11,839.1924
2006-07-10,843.9854
2006-07-07,837.8853
2006-07-06,842.2425
2006-07-05,825.6852
2006-07-04,832.2209
2006-07-03,830.4781
2006-06-30,829.171
2006-06-29,832.6567
2006-06-28,818.278
2006-06-27,816.5351
2006-06-26,820.4566
2006-06-23,824.3781
2006-06-22,824.8138
2006-06-21,814.7922
2006-06-20,816.9709
2006-06-19,820.4566
2006-06-16,816.5351
2006-06-15,816.0994
2006-06-14,811.3065
2006-06-13,804.335
2006-06-12,815.228
2006-06-09,813.9208
2006-06-08,804.335
2006-06-07,815.228
2006-06-06,804.7708
2006-06-05,808.2565
2006-06-02,807.385
2006-06-01,808.2565
2006-05-31,809.9994
2006-05-30,796.0564
2006-05-26,822.6352
2006-05-25,809.1279
2006-05-24,805.2065
2006-05-23,809.9994
2006-05-22,796.4921
2006-05-19,821.7637
2006-05-18,820.4566
2006-05-17,823.5066
2006-05-16,839.6281
2006-05-15,825.2495
2006-05-12,828.7352
2006-05-11,845.2925
2006-05-10,857.9283
2006-05-09,857.4926
2006-05-08,853.1354
2006-05-05,841.8068
2006-05-04,837.4496
2006-05-03,832.2209
2006-05-02,842.6782
2006-04-28,825.6852
2006-04-27,824.3781
2006-04-26,831.3495
2006-04-25,828.2995
2006-04-24,831.7853
2006-04-21,840.9354
2006-04-20,846.5996
2006-04-19,841.371
2006-04-18,836.1424
2006-04-13,842.2425
2006-04-12,837.4496
2006-04-11,839.1924
2006-04-10,847.0355
2006-04-07,845.2925
2006-04-06,845.7282
2006-04-05,847.9068
2006-04-04,843.5496
2006-04-03,850.0854
2006-03-31,840.9354
2006-03-30,839.1924
2006-03-29,834.8353
2006-03-28,832.2209
2006-03-27,832.2209
2006-03-24,841.8068
2006-03-23,844.8568
2006-03-22,840.9354
2006-03-21,860.9783
2006-03-20,855.314
2006-03-17,858.3641
2006-03-16,853.5712
